"season_1","season_2","team_id","team_name","player_id","player_name","game_id","game_date","home_team","away_team","quarter","mins_left","secs_left","secs_left_q","event_type","shot_made","action_type","shot_type","basic_zone","zone_name","zone_abb","zone_range","loc_x","loc_y","shot_distance","is_three","shot_value","is_clutch"
2008,"2007-08","1610612737","Atlanta Hawks","101107","Marvin Williams","20700307","2007-12-11","ATL","TOR",2,9,50,119,"Made Shot",True,"Jump Shot","2PT Field Goal","Mid-Range","Left Side","L","16-24 ft.","20","8.05","20",0,2,0
2008,"2007-08","1610612762","Utah Jazz","101139","CJ Miles","20700312","2007-12-11","UTA","POR",2,9,1,70,"Made Shot",True,"Driving Jump shot","2PT Field Goal","In The Paint (Non-RA)","Center","C","Less Than 8 ft.","5.2","10.85","7",0,2,0
2008,"2007-08","1610612751","New Jersey Nets","2210","Richard Jefferson","20700309","2007-12-11","NJN","LAC",2,7,6,73,"Made Shot",True,"Jump Shot","2PT Field Goal","Mid-Range","Right Side Center","RC","16-24 ft.","-10.8","17.45","16",0,2,0
2008,"2007-08","1610612761","Toronto Raptors","2574","Jason Kapono","20700307","2007-12-11","ATL","TOR",2,10,2,72,"Missed Shot",False,"Jump Shot","2PT Field Goal","Mid-Range","Right Side Center","RC","16-24 ft.","-12.3","21.35","20",0,2,0
2008,"2007-08","1610612757","Portland Trail Blazers","2038","Joel Przybilla","20700312","2007-12-11","UTA","POR",2,9,26,95,"Made Shot",True,"Layup Shot","2PT Field Goal","Restricted Area","Center","C","Less Than 8 ft.","0","5.25","0",0,2,0
2008,"2007-08","1610612746","Los Angeles Clippers","200781","Paul Davis","20700309","2007-12-11","NJN","LAC",2,7,26,93,"Made Shot",True,"Putback Layup Shot","2PT Field Goal","Restricted Area","Center","C","Less Than 8 ft.","0","5.25","0",0,2,0
2008,"2007-08","1610612744","Golden State Warriors","1733","Al Harrington","20700313","2007-12-11","GSW","SAS",2,8,0,68,"Missed Shot",False,"Jump Shot","3PT Field Goal","Above the Break 3","Left Side Center","LC","24+ ft.","15.1","28.25","27",1,3,0
2008,"2007-08","1610612762","Utah Jazz","101114","Deron Williams","20700312","2007-12-11","UTA","POR",2,9,37,106,"Made Shot",True,"Jump Shot","2PT Field Goal","Mid-Range","Center","C","16-24 ft.","-3.3","27.45","22",0,2,0
2008,"2007-08","1610612741","Chicago Bulls","693","Joe Smith","20700311","2007-12-11","CHI","SEA",2,8,18,86,"Made Shot",True,"Jump Shot","2PT Field Goal","In The Paint (Non-RA)","Center","C","8-16 ft.","1","18.05","12",0,2,0
2008,"2007-08","1610612760","Seattle SuperSonics","2555","Nick Collison","20700311","2007-12-11","CHI","SEA",2,8,37,105,"Made Shot",True,"Driving Layup Shot","2PT Field Goal","Restricted Area","Center","C","Less Than 8 ft.","0","5.25","0",0,2,0
2008,"2007-08","1610612746","Los Angeles Clippers","1749","Cuttino Mobley","20700309","2007-12-11","NJN","LAC",2,7,29,96,"Missed Shot",False,"Driving Layup Shot","2PT Field Goal","Restricted Area","Center","C","Less Than 8 ft.","0","5.25","0",0,2,0
2008,"2007-08","1610612765","Detroit Pistons","2419","Tayshaun Prince","20700310","2007-12-11","MEM","DET",2,8,15,83,"Missed Shot",False,"Jump Shot","2PT Field Goal","Mid-Range","Left Side Center","LC","16-24 ft.","7.2","23.55","19",0,2,0
2008,"2007-08","1610612764","Washington Wizards","2406","Caron Butler","20700306","2007-12-11","WAS","MIN",2,7,39,106,"Missed Shot",False,"Jump Shot","2PT Field Goal","Restricted Area","Center","C","Less Than 8 ft.","2.3","7.75","3",0,2,0
2008,"2007-08","1610612762","Utah Jazz","101139","CJ Miles","20700312","2007-12-11","UTA","POR",2,9,59,128,"Missed Shot",False,"Jump Shot","2PT Field Goal","Mid-Range","Center","C","16-24 ft.","0.8","27.15","21",0,2,0
2008,"2007-08","1610612744","Golden State Warriors","101235","Kelenna Azubuike","20700313","2007-12-11","GSW","SAS",2,8,37,105,"Made Shot",True,"Turnaround Jump Shot","2PT Field Goal","Mid-Range","Right Side","R","8-16 ft.","-15.3","5.95","15",0,2,0
2008,"2007-08","1610612764","Washington Wizards","2427","Roger Mason Jr.","20700306","2007-12-11","WAS","MIN",2,7,44,111,"Missed Shot",False,"Jump Shot","3PT Field Goal","Above the Break 3","Left Side Center","LC","24+ ft.","16.1","23.95","24",1,3,0
2008,"2007-08","1610612761","Toronto Raptors","101181","Jose Calderon","20700307","2007-12-11","ATL","TOR",2,10,20,90,"Missed Shot",False,"Jump Shot","2PT Field Goal","Mid-Range","Center","C","16-24 ft.","0.2","22.55","17",0,2,0
2008,"2007-08","1610612739","Cleveland Cavaliers","1800","Damon Jones","20700308","2007-12-11","CLE","IND",2,9,22,91,"Missed Shot",False,"Jump Shot","3PT Field Goal","Above the Break 3","Center","C","24+ ft.","1.6","29.95","24",1,3,0
2008,"2007-08","1610612737","Atlanta Hawks","2735","Josh Childress","20700307","2007-12-11","ATL","TOR",2,10,34,104,"Made Shot",True,"Reverse Layup Shot","2PT Field Goal","Restricted Area","Center","C","Less Than 8 ft.","0","5.25","0",0,2,0
2008,"2007-08","1610612750","Minnesota Timberwolves","101155","Ryan Gomes","20700306","2007-12-11","WAS","MIN",2,8,0,68,"Missed Shot",False,"Layup Shot","2PT Field Goal","Restricted Area","Center","C","Less Than 8 ft.","1.6","7.75","2",0,2,0
2008,"2007-08","1610612754","Indiana Pacers","2399","Mike Dunleavy","20700308","2007-12-11","CLE","IND",2,9,41,110,"Made Shot",True,"Reverse Layup Shot","2PT Field Goal","Restricted Area","Center","C","Less Than 8 ft.","0.5","6.25","1",0,2,0
2008,"2007-08","1610612764","Washington Wizards","2427","Roger Mason Jr.","20700306","2007-12-11","WAS","MIN",2,8,12,80,"Made Shot",True,"Jump Shot","3PT Field Goal","Above the Break 3","Left Side Center","LC","24+ ft.","20.9","20.35","25",1,3,0
2008,"2007-08","1610612761","Toronto Raptors","200745","Andrea Bargnani","20700307","2007-12-11","ATL","TOR",2,10,41,111,"Missed Shot",False,"Jump Shot","2PT Field Goal","Mid-Range","Right Side Center","RC","16-24 ft.","-8.7","21.55","18",0,2,0
2008,"2007-08","1610612760","Seattle SuperSonics","2555","Nick Collison","20700311","2007-12-11","CHI","SEA",2,9,6,75,"Missed Shot",False,"Jump Shot","2PT Field Goal","Mid-Range","Left Side Center","LC","16-24 ft.","14.5","22.15","22",0,2,0
2008,"2007-08","1610612744","Golden State Warriors","2554","Mickael Pietrus","20700313","2007-12-11","GSW","SAS",2,9,2,71,"Missed Shot",False,"Jump Shot","2PT Field Goal","Mid-Range","Right Side Center","RC","16-24 ft.","-9.8","25.35","22",0,2,0
2008,"2007-08","1610612762","Utah Jazz","200794","Paul Millsap","20700312","2007-12-11","UTA","POR",2,10,10,80,"Missed Shot",False,"Layup Shot","2PT Field Goal","Restricted Area","Center","C","Less Than 8 ft.","0","5.25","0",0,2,0
2008,"2007-08","1610612741","Chicago Bulls","2804","Andres Nocioni","20700311","2007-12-11","CHI","SEA",2,9,22,91,"Made Shot",True,"Jump Shot","2PT Field Goal","Mid-Range","Left Side Center","LC","16-24 ft.","6.7","24.35","20",0,2,0
2008,"2007-08","1610612759","San Antonio Spurs","101177","Fabricio Oberto","20700313","2007-12-11","GSW","SAS",2,9,21,90,"Missed Shot",False,"Jump Shot","2PT Field Goal","In The Paint (Non-RA)","Center","C","8-16 ft.","4.4","15.65","11",0,2,0
2008,"2007-08","1610612765","Detroit Pistons","686","Antonio McDyess","20700310","2007-12-11","MEM","DET",2,8,46,114,"Made Shot",True,"Jump Shot","2PT Field Goal","Mid-Range","Left Side","L","16-24 ft.","19.9","9.55","20",0,2,0
2008,"2007-08","1610612751","New Jersey Nets","2411","Bostjan Nachbar","20700309","2007-12-11","NJN","LAC",2,7,51,118,"Missed Shot",False,"Layup Shot","2PT Field Goal","Restricted Area","Center","C","Less Than 8 ft.","0","5.25","0",0,2,0
2008,"2007-08","1610612737","Atlanta Hawks","200749","Shelden Williams","20700307","2007-12-11","ATL","TOR",2,10,53,123,"Missed Shot",False,"Driving Layup Shot","2PT Field Goal","Restricted Area","Center","C","Less Than 8 ft.","0","5.25","0",0,2,0
2008,"2007-08","1610612757","Portland Trail Blazers","2566","Travis Outlaw","20700312","2007-12-11","UTA","POR",2,10,27,97,"Made Shot",True,"Jump Shot","2PT Field Goal","Mid-Range","Left Side","L","16-24 ft.","18.2","16.25","21",0,2,0
2008,"2007-08","1610612760","Seattle SuperSonics","2557","Luke Ridnour","20700311","2007-12-11","CHI","SEA",2,9,41,110,"Missed Shot",False,"Jump Shot","3PT Field Goal","Above the Break 3","Center","C","24+ ft.","5.7","30.25","25",1,3,0
2008,"2007-08","1610612754","Indiana Pacers","2399","Mike Dunleavy","20700308","2007-12-11","CLE","IND",2,10,12,82,"Made Shot",True,"Jump Shot","2PT Field Goal","Mid-Range","Left Side Center","LC","16-24 ft.","6.9","19.85","16",0,2,0
2008,"2007-08","1610612751","New Jersey Nets","2411","Bostjan Nachbar","20700309","2007-12-11","NJN","LAC",2,8,8,76,"Missed Shot",False,"Jump Shot","3PT Field Goal","Right Corner 3","Right Side","R","24+ ft.","-22.7","4.75","22",1,3,0
2008,"2007-08","1610612762","Utah Jazz","101139","CJ Miles","20700312","2007-12-11","UTA","POR",2,10,40,110,"Missed Shot",False,"Hook Shot","2PT Field Goal","In The Paint (Non-RA)","Center","C","Less Than 8 ft.","-2.6","12.15","7",0,2,0
2008,"2007-08","1610612754","Indiana Pacers","2416","Kareem Rush","20700308","2007-12-11","CLE","IND",2,10,18,88,"Missed Shot",False,"Jump Shot","2PT Field Goal","Mid-Range","Center","C","16-24 ft.","1.1","23.85","18",0,2,0
2008,"2007-08","1610612741","Chicago Bulls","200748","Tyrus Thomas","20700311","2007-12-11","CHI","SEA",2,9,48,117,"Missed Shot",False,"Layup Shot","2PT Field Goal","Restricted Area","Center","C","Less Than 8 ft.","0","5.25","0",0,2,0
2008,"2007-08","1610612746","Los Angeles Clippers","201154","Al Thornton","20700309","2007-12-11","NJN","LAC",2,8,27,95,"Missed Shot",False,"Layup Shot","2PT Field Goal","Restricted Area","Center","C","Less Than 8 ft.","0","5.25","0",0,2,0
2008,"2007-08","1610612760","Seattle SuperSonics","1887","Wally Szczerbiak","20700311","2007-12-11","CHI","SEA",2,9,55,124,"Missed Shot",False,"Jump Shot","2PT Field Goal","Mid-Range","Left Side Center","LC","16-24 ft.","14","23.55","23",0,2,0
2008,"2007-08","1610612754","Indiana Pacers","2416","Kareem Rush","20700308","2007-12-11","CLE","IND",2,10,29,99,"Missed Shot",False,"Jump Shot","3PT Field Goal","Above the Break 3","Left Side Center","LC","24+ ft.","14.6","24.95","24",1,3,0
2008,"2007-08","1610612744","Golden State Warriors","2740","Andris Biedrins","20700313","2007-12-11","GSW","SAS",2,9,35,104,"Made Shot",True,"Layup Shot","2PT Field Goal","Restricted Area","Center","C","Less Than 8 ft.","-0.6","6.55","1",0,2,0
2008,"2007-08","1610612762","Utah Jazz","200794","Paul Millsap","20700312","2007-12-11","UTA","POR",2,11,0,71,"Missed Shot",False,"Jump Shot","2PT Field Goal","In The Paint (Non-RA)","Left Side","L","8-16 ft.","4.4","12.05","8",0,2,0
2008,"2007-08","1610612763","Memphis Grizzlies","200752","Rudy Gay","20700310","2007-12-11","MEM","DET",2,9,8,77,"Missed Shot",False,"Driving Dunk Shot","2PT Field Goal","Restricted Area","Center","C","Less Than 8 ft.","0","5.25","0",0,2,0
2008,"2007-08","1610612751","New Jersey Nets","353","Darrell Armstrong","20700309","2007-12-11","NJN","LAC",2,8,37,105,"Missed Shot",False,"Driving Jump shot","2PT Field Goal","In The Paint (Non-RA)","Center","C","Less Than 8 ft.","4.4","9.45","6",0,2,0
2008,"2007-08","1610612750","Minnesota Timberwolves","952","Antoine Walker","20700306","2007-12-11","WAS","MIN",2,8,51,119,"Missed Shot",False,"Jump Shot","2PT Field Goal","Restricted Area","Center","C","Less Than 8 ft.","2.3","7.55","3",0,2,0
2008,"2007-08","1610612744","Golden State Warriors","1536","Stephen Jackson","20700313","2007-12-11","GSW","SAS",2,9,37,106,"Missed Shot",False,"Jump Shot","2PT Field Goal","In The Paint (Non-RA)","Center","C","Less Than 8 ft.","1","12.65","7",0,2,0
2008,"2007-08","1610612739","Cleveland Cavaliers","2544","LeBron James","20700308","2007-12-11","CLE","IND",2,10,47,117,"Missed Shot",False,"Running Jump Shot","2PT Field Goal","Restricted Area","Center","C","Less Than 8 ft.","0.2","9.05","3",0,2,0
2008,"2007-08","1610612764","Washington Wizards","101154","Andray Blatche","20700306","2007-12-11","WAS","MIN",2,9,6,75,"Made Shot",True,"Driving Reverse Layup Shot","2PT Field Goal","Restricted Area","Center","C","Less Than 8 ft.","0.8","5.15","0",0,2,0
2008,"2007-08","1610612761","Toronto Raptors","2568","Carlos Delfino","20700307","2007-12-11","ATL","TOR",2,11,30,101,"Made Shot",True,"Jump Shot","3PT Field Goal","Left Corner 3","Left Side","L","24+ ft.","23","9.55","23",1,3,0
2008,"2007-08","1610612754","Indiana Pacers","2211","Troy Murphy","20700308","2007-12-11","CLE","IND",2,11,10,81,"Made Shot",True,"Jump Shot","3PT Field Goal","Above the Break 3","Left Side Center","LC","24+ ft.","9.7","28.15","24",1,3,0
2008,"2007-08","1610612765","Detroit Pistons","739","Rasheed Wallace","20700310","2007-12-11","MEM","DET",2,9,19,88,"Missed Shot",False,"Fadeaway Jump Shot","2PT Field Goal","In The Paint (Non-RA)","Center","C","Less Than 8 ft.","6.6","9.25","7",0,2,0
2008,"2007-08","1610612759","San Antonio Spurs","699","Brent Barry","20700313","2007-12-11","GSW","SAS",2,9,46,115,"Missed Shot",False,"Jump Shot","3PT Field Goal","Above the Break 3","Right Side Center","RC","24+ ft.","-16.3","26.95","27",1,3,0
2008,"2007-08","1610612763","Memphis Grizzlies","200752","Rudy Gay","20700310","2007-12-11","MEM","DET",2,9,39,108,"Made Shot",True,"Driving Layup Shot","2PT Field Goal","Restricted Area","Center","C","Less Than 8 ft.","0","5.25","0",0,2,0
2008,"2007-08","1610612746","Los Angeles Clippers","1749","Cuttino Mobley","20700309","2007-12-11","NJN","LAC",2,9,9,78,"Made Shot",True,"Jump Shot","2PT Field Goal","Mid-Range","Left Side","L","8-16 ft.","14.3","8.35","14",0,2,0
2008,"2007-08","1610612744","Golden State Warriors","101145","Monta Ellis","20700313","2007-12-11","GSW","SAS",2,9,59,128,"Made Shot",True,"Jump Shot","2PT Field Goal","Mid-Range","Left Side","L","8-16 ft.","8.7","17.25","14",0,2,0
2008,"2007-08","1610612739","Cleveland Cavaliers","2760","Anderson Varejao","20700308","2007-12-11","CLE","IND",2,11,19,90,"Missed Shot",False,"Layup Shot","2PT Field Goal","Restricted Area","Center","C","Less Than 8 ft.","-0.1","5.25","0",0,2,0
2008,"2007-08","1610612737","Atlanta Hawks","2735","Josh Childress","20700307","2007-12-11","ATL","TOR",2,11,38,109,"Missed Shot",False,"Jump Shot","2PT Field Goal","Mid-Range","Left Side","L","16-24 ft.","17.7","14.75","20",0,2,0
2008,"2007-08","1610612762","Utah Jazz","101139","CJ Miles","20700312","2007-12-11","UTA","POR",2,11,25,96,"Missed Shot",False,"Jump Shot","3PT Field Goal","Above the Break 3","Right Side Center","RC","24+ ft.","-17.6","23.35","25",1,3,0
2008,"2007-08","1610612760","Seattle SuperSonics","201145","Jeff Green","20700311","2007-12-11","CHI","SEA",2,10,14,84,"Made Shot",True,"Jump Shot","2PT Field Goal","Mid-Range","Right Side","R","16-24 ft.","-19.7","10.05","20",0,2,0
2008,"2007-08","1610612764","Washington Wizards","1712","Antawn Jamison","20700306","2007-12-11","WAS","MIN",2,9,44,113,"Made Shot",True,"Jump Shot","3PT Field Goal","Left Corner 3","Left Side","L","24+ ft.","23.8","3.65","23",1,3,0
2008,"2007-08","1610612746","Los Angeles Clippers","200781","Paul Davis","20700309","2007-12-11","NJN","LAC",2,9,51,120,"Missed Shot",False,"Layup Shot","2PT Field Goal","Restricted Area","Center","C","Less Than 8 ft.","0","5.25","0",0,2,0
2008,"2007-08","1610612754","Indiana Pacers","979","Jermaine O'Neal","20700308","2007-12-11","CLE","IND",2,11,36,107,"Made Shot",True,"Putback Layup Shot","2PT Field Goal","Restricted Area","Center","C","Less Than 8 ft.","-0.6","5.45","0",0,2,0
2008,"2007-08","1610612759","San Antonio Spurs","714","Michael Finley","20700313","2007-12-11","GSW","SAS",2,10,12,82,"Missed Shot",False,"Jump Shot","3PT Field Goal","Above the Break 3","Right Side Center","RC","24+ ft.","-16.3","25.45","25",1,3,0
2008,"2007-08","1610612754","Indiana Pacers","2416","Kareem Rush","20700308","2007-12-11","CLE","IND",2,11,40,111,"Missed Shot",False,"Running Jump Shot","2PT Field Goal","Restricted Area","Center","C","Less Than 8 ft.","0","5.25","0",0,2,0
2008,"2007-08","1610612741","Chicago Bulls","200748","Tyrus Thomas","20700311","2007-12-11","CHI","SEA",2,10,35,105,"Made Shot",True,"Alley Oop Layup shot","2PT Field Goal","Restricted Area","Center","C","Less Than 8 ft.","0","5.25","0",0,2,0
2008,"2007-08","1610612760","Seattle SuperSonics","1887","Wally Szczerbiak","20700311","2007-12-11","CHI","SEA",2,10,57,127,"Made Shot",True,"Jump Shot","2PT Field Goal","Mid-Range","Right Side Center","RC","16-24 ft.","-14.4","21.55","21",0,2,0
2008,"2007-08","1610612746","Los Angeles Clippers","201154","Al Thornton","20700309","2007-12-11","NJN","LAC",2,9,53,122,"Missed Shot",False,"Jump Shot","2PT Field Goal","Mid-Range","Right Side","R","16-24 ft.","-16.6","3.45","16",0,2,0
2008,"2007-08","1610612750","Minnesota Timberwolves","952","Antoine Walker","20700306","2007-12-11","WAS","MIN",2,10,0,70,"Made Shot",True,"Putback Layup Shot","2PT Field Goal","Restricted Area","Center","C","Less Than 8 ft.","2","5.55","2",0,2,0
2008,"2007-08","1610612765","Detroit Pistons","201167","Arron Afflalo","20700310","2007-12-11","MEM","DET",2,9,54,123,"Made Shot",True,"Driving Layup Shot","2PT Field Goal","Restricted Area","Center","C","Less Than 8 ft.","0","5.25","0",0,2,0
2008,"2007-08","1610612741","Chicago Bulls","2804","Andres Nocioni","20700311","2007-12-11","CHI","SEA",2,11,6,77,"Made Shot",True,"Hook Shot","2PT Field Goal","In The Paint (Non-RA)","Center","C","8-16 ft.","2.1","15.65","10",0,2,0
2008,"2007-08","1610612737","Atlanta Hawks","101107","Marvin Williams","20700307","2007-12-11","ATL","TOR",1,0,0,60,"Made Shot",True,"Jump Shot","2PT Field Goal","Mid-Range","Left Side","L","16-24 ft.","18.4","17.25","21",0,2,0
2008,"2007-08","1610612760","Seattle SuperSonics","101153","Mickael Gelabale","20700311","2007-12-11","CHI","SEA",2,11,28,99,"Made Shot",True,"Reverse Layup Shot","2PT Field Goal","Restricted Area","Center","C","Less Than 8 ft.","0","5.25","0",0,2,0
2008,"2007-08","1610612744","Golden State Warriors","1536","Stephen Jackson","20700313","2007-12-11","GSW","SAS",2,10,33,103,"Missed Shot",False,"Jump Shot","2PT Field Goal","In The Paint (Non-RA)","Center","C","Less Than 8 ft.","-3.9","7.75","4",0,2,0
2008,"2007-08","1610612751","New Jersey Nets","200767","Josh Boone","20700309","2007-12-11","NJN","LAC",2,10,25,95,"Made Shot",True,"Layup Shot","2PT Field Goal","Restricted Area","Center","C","Less Than 8 ft.","0","5.25","0",0,2,0
2008,"2007-08","1610612750","Minnesota Timberwolves","952","Antoine Walker","20700306","2007-12-11","WAS","MIN",2,10,2,72,"Missed Shot",False,"Layup Shot","2PT Field Goal","Restricted Area","Center","C","Less Than 8 ft.","2.3","4.95","2",0,2,0
2008,"2007-08","1610612763","Memphis Grizzlies","2200","Pau Gasol","20700310","2007-12-11","MEM","DET",2,10,0,70,"Missed Shot",False,"Turnaround Jump Shot","2PT Field Goal","In The Paint (Non-RA)","Center","C","Less Than 8 ft.","5.7","7.85","6",0,2,0
2008,"2007-08","1610612761","Toronto Raptors","200745","Andrea Bargnani","20700307","2007-12-11","ATL","TOR",1,0,15,75,"Missed Shot",False,"Jump Shot","2PT Field Goal","Mid-Range","Left Side Center","LC","16-24 ft.","13","18.05","18",0,2,0
2008,"2007-08","1610612759","San Antonio Spurs","101177","Fabricio Oberto","20700313","2007-12-11","GSW","SAS",2,10,45,115,"Made Shot",True,"Tip Shot","2PT Field Goal","Restricted Area","Center","C","Less Than 8 ft.","0","5.25","0",0,2,0
2008,"2007-08","1610612765","Detroit Pistons","201167","Arron Afflalo","20700310","2007-12-11","MEM","DET",2,10,18,88,"Made Shot",True,"Reverse Layup Shot","2PT Field Goal","Restricted Area","Center","C","Less Than 8 ft.","0","5.25","0",0,2,0
2008,"2007-08","1610612751","New Jersey Nets","1713","Vince Carter","20700309","2007-12-11","NJN","LAC",2,10,31,101,"Missed Shot",False,"Jump Shot","3PT Field Goal","Above the Break 3","Center","C","24+ ft.","6.6","28.95","24",1,3,0
2008,"2007-08","1610612759","San Antonio Spurs","1938","Manu Ginobili","20700313","2007-12-11","GSW","SAS",2,10,46,116,"Missed Shot",False,"Layup Shot","2PT Field Goal","Restricted Area","Center","C","Less Than 8 ft.","1.8","7.25","2",0,2,0
2008,"2007-08","1610612764","Washington Wizards","1498","Antonio Daniels","20700306","2007-12-11","WAS","MIN",2,10,20,90,"Missed Shot",False,"Layup Shot","2PT Field Goal","Restricted Area","Center","C","Less Than 8 ft.","-1.3","5.95","1",0,2,0
2008,"2007-08","1610612757","Portland Trail Blazers","200771","Sergio Rodriguez","20700312","2007-12-11","UTA","POR",1,0,1,61,"Made Shot",True,"Jump Shot","3PT Field Goal","Above the Break 3","Left Side Center","LC","24+ ft.","13","26.95","25",1,3,0
2008,"2007-08","1610612763","Memphis Grizzlies","200752","Rudy Gay","20700310","2007-12-11","MEM","DET",2,10,25,95,"Missed Shot",False,"Layup Shot","2PT Field Goal","Restricted Area","Center","C","Less Than 8 ft.","0","5.25","0",0,2,0
2008,"2007-08","1610612762","Utah Jazz","2430","Carlos Boozer","20700312","2007-12-11","UTA","POR",1,0,6,66,"Made Shot",True,"Hook Shot","2PT Field Goal","Restricted Area","Center","C","Less Than 8 ft.","0.8","5.75","0",0,2,0
2008,"2007-08","1610612746","Los Angeles Clippers","201154","Al Thornton","20700309","2007-12-11","NJN","LAC",2,10,55,125,"Made Shot",True,"Jump Shot","2PT Field Goal","Mid-Range","Right Side Center","RC","16-24 ft.","-11.5","19.35","18",0,2,0
2008,"2007-08","1610612744","Golden State Warriors","101235","Kelenna Azubuike","20700313","2007-12-11","GSW","SAS",2,10,55,125,"Missed Shot",False,"Running Jump Shot","2PT Field Goal","Mid-Range","Right Side","R","8-16 ft.","-8.5","17.45","14",0,2,0
2008,"2007-08","1610612739","Cleveland Cavaliers","2544","LeBron James","20700308","2007-12-11","CLE","IND",1,0,6,66,"Made Shot",True,"Jump Shot","2PT Field Goal","In The Paint (Non-RA)","Center","C","Less Than 8 ft.","0.5","12.15","6",0,2,0
2008,"2007-08","1610612741","Chicago Bulls","200748","Tyrus Thomas","20700311","2007-12-11","CHI","SEA",2,11,42,113,"Missed Shot",False,"Layup Shot","2PT Field Goal","Restricted Area","Center","C","Less Than 8 ft.","0","5.25","0",0,2,0
2008,"2007-08","1610612737","Atlanta Hawks","201143","Al Horford","20700307","2007-12-11","ATL","TOR",1,0,36,96,"Missed Shot",False,"Jump Shot","2PT Field Goal","Mid-Range","Right Side","R","8-16 ft.","-12.1","9.05","12",0,2,0
2008,"2007-08","1610612754","Indiana Pacers","2605","Marquis Daniels","20700308","2007-12-11","CLE","IND",1,0,16,76,"Made Shot",True,"Jump Shot","2PT Field Goal","Mid-Range","Center","C","8-16 ft.","-4.7","19.35","14",0,2,0
2008,"2007-08","1610612765","Detroit Pistons","2419","Tayshaun Prince","20700310","2007-12-11","MEM","DET",2,10,35,105,"Missed Shot",False,"Jump Shot","3PT Field Goal","Above the Break 3","Left Side Center","LC","24+ ft.","12.8","27.25","25",1,3,0
2008,"2007-08","1610612762","Utah Jazz","1723","Matt Harpring","20700312","2007-12-11","UTA","POR",1,0,9,69,"Missed Shot",False,"Jump Shot","3PT Field Goal","Right Corner 3","Right Side","R","24+ ft.","-23.6","5.95","23",1,3,0
2008,"2007-08","1610612761","Toronto Raptors","2743","Kris Humphries","20700307","2007-12-11","ATL","TOR",1,0,56,116,"Missed Shot",False,"Layup Shot","2PT Field Goal","Restricted Area","Center","C","Less Than 8 ft.","0","5.25","0",0,2,0
2008,"2007-08","1610612759","San Antonio Spurs","714","Michael Finley","20700313","2007-12-11","GSW","SAS",2,11,4,75,"Missed Shot",False,"Jump Shot","3PT Field Goal","Above the Break 3","Center","C","24+ ft.","-7.5","30.95","26",1,3,0
2008,"2007-08","1610612763","Memphis Grizzlies","200768","Kyle Lowry","20700310","2007-12-11","MEM","DET",2,11,0,71,"Made Shot",True,"Running Layup Shot","2PT Field Goal","Restricted Area","Center","C","Less Than 8 ft.","0","5.25","0",0,2,0
2008,"2007-08","1610612741","Chicago Bulls","200748","Tyrus Thomas","20700311","2007-12-11","CHI","SEA",2,11,45,116,"Missed Shot",False,"Layup Shot","2PT Field Goal","Restricted Area","Center","C","Less Than 8 ft.","0","5.25","0",0,2,0
2008,"2007-08","1610612754","Indiana Pacers","2211","Troy Murphy","20700308","2007-12-11","CLE","IND",1,0,23,83,"Missed Shot",False,"Jump Shot","2PT Field Goal","Mid-Range","Left Side","L","16-24 ft.","18.7","7.85","18",0,2,0
2008,"2007-08","1610612751","New Jersey Nets","2411","Bostjan Nachbar","20700309","2007-12-11","NJN","LAC",2,11,3,74,"Missed Shot",False,"Turnaround Jump Shot","2PT Field Goal","Mid-Range","Left Side","L","8-16 ft.","13.3","6.05","13",0,2,0
2008,"2007-08","1610612761","Toronto Raptors","200745","Andrea Bargnani","20700307","2007-12-11","ATL","TOR",1,1,0,61,"Missed Shot",False,"Jump Shot","2PT Field Goal","Mid-Range","Left Side Center","LC","16-24 ft.","7.2","22.35","18",0,2,0
2008,"2007-08","1610612765","Detroit Pistons","2419","Tayshaun Prince","20700310","2007-12-11","MEM","DET",2,11,6,77,"Missed Shot",False,"Running Jump Shot","2PT Field Goal","In The Paint (Non-RA)","Center","C","Less Than 8 ft.","-1.6","10.15","5",0,2,0
2008,"2007-08","1610612739","Cleveland Cavaliers","1956","Ira Newble","20700308","2007-12-11","CLE","IND",1,0,39,99,"Made Shot",True,"Jump Shot","2PT Field Goal","Mid-Range","Center","C","8-16 ft.","0.8","20.05","14",0,2,0
2008,"2007-08","1610612741","Chicago Bulls","2732","Ben Gordon","20700311","2007-12-11","CHI","SEA",2,11,47,118,"Missed Shot",False,"Jump Shot","3PT Field Goal","Right Corner 3","Right Side","R","24+ ft.","-22.7","7.75","22",1,3,0
2008,"2007-08","1610612764","Washington Wizards","1712","Antawn Jamison","20700306","2007-12-11","WAS","MIN",2,10,44,114,"Missed Shot",False,"Jump Shot","3PT Field Goal","Above the Break 3","Center","C","24+ ft.","-5.9","29.25","24",1,3,0
2008,"2007-08","1610612746","Los Angeles Clippers","1739","Ruben Patterson","20700309","2007-12-11","NJN","LAC",2,11,14,85,"Missed Shot",False,"Layup Shot","2PT Field Goal","Restricted Area","Center","C","Less Than 8 ft.","0","5.25","0",0,2,0
2008,"2007-08","1610612763","Memphis Grizzlies","2031","Stromile Swift","20700310","2007-12-11","MEM","DET",2,11,24,95,"Missed Shot",False,"Jump Shot","2PT Field Goal","Mid-Range","Left Side","L","8-16 ft.","14.3","5.25","14",0,2,0
2008,"2007-08","1610612754","Indiana Pacers","979","Jermaine O'Neal","20700308","2007-12-11","CLE","IND",1,0,43,103,"Missed Shot",False,"Layup Shot","2PT Field Goal","Restricted Area","Center","C","Less Than 8 ft.","0","6.45","1",0,2,0
2008,"2007-08","1610612750","Minnesota Timberwolves","2742","Sebastian Telfair","20700306","2007-12-11","WAS","MIN",2,10,52,122,"Missed Shot",False,"Layup Shot","2PT Field Goal","Restricted Area","Center","C","Less Than 8 ft.","-1.3","5.75","1",0,2,0
2008,"2007-08","1610612765","Detroit Pistons","1497","Chauncey Billups","20700310","2007-12-11","MEM","DET",2,11,42,113,"Made Shot",True,"Pullup Jump shot","2PT Field Goal","Mid-Range","Right Side Center","RC","16-24 ft.","-14.3","21.65","21",0,2,0
2008,"2007-08","1610612762","Utah Jazz","2078","Jason Hart","20700312","2007-12-11","UTA","POR",1,0,44,104,"Missed Shot",False,"Jump Shot","2PT Field Goal","Mid-Range","Center","C","16-24 ft.","5.2","25.65","21",0,2,0
2008,"2007-08","1610612739","Cleveland Cavaliers","1716","Larry Hughes","20700308","2007-12-11","CLE","IND",1,1,2,63,"Made Shot",True,"Jump Shot","2PT Field Goal","In The Paint (Non-RA)","Right Side","R","8-16 ft.","-6.9","12.15","9",0,2,0
2008,"2007-08","1610612737","Atlanta Hawks","201151","Acie Law","20700307","2007-12-11","ATL","TOR",1,1,11,72,"Missed Shot",False,"Layup Shot","2PT Field Goal","Restricted Area","Center","C","Less Than 8 ft.","0","5.25","0",0,2,0
2008,"2007-08","1610612764","Washington Wizards","101154","Andray Blatche","20700306","2007-12-11","WAS","MIN",2,11,2,73,"Missed Shot",False,"Jump Shot","2PT Field Goal","Mid-Range","Right Side","R","16-24 ft.","-16.6","13.35","18",0,2,0
2008,"2007-08","1610612741","Chicago Bulls","1112","Ben Wallace","20700311","2007-12-11","CHI","SEA",1,0,0,60,"Missed Shot",False,"Jump Shot","2PT Field Goal","Mid-Range","Left Side","L","16-24 ft.","20.7","6.75","20",0,2,0
2008,"2007-08","1610612761","Toronto Raptors","2551","T.J. Ford","20700307","2007-12-11","ATL","TOR",1,1,19,80,"Missed Shot",False,"Jump Shot","2PT Field Goal","Mid-Range","Center","C","16-24 ft.","2.8","21.55","16",0,2,0
2008,"2007-08","1610612759","San Antonio Spurs","1938","Manu Ginobili","20700313","2007-12-11","GSW","SAS",2,11,41,112,"Missed Shot",False,"Jump Shot","2PT Field Goal","Mid-Range","Right Side","R","8-16 ft.","-13","10.55","14",0,2,0
2008,"2007-08","1610612750","Minnesota Timberwolves","2744","Al Jefferson","20700306","2007-12-11","WAS","MIN",2,11,20,91,"Missed Shot",False,"Jump Shot","2PT Field Goal","In The Paint (Non-RA)","Center","C","Less Than 8 ft.","6.9","5.55","6",0,2,0
2008,"2007-08","1610612741","Chicago Bulls","2768","Chris Duhon","20700311","2007-12-11","CHI","SEA",1,0,0,60,"Missed Shot",False,"Layup Shot","2PT Field Goal","Restricted Area","Center","C","Less Than 8 ft.","0","5.25","0",0,2,0
2008,"2007-08","1610612763","Memphis Grizzlies","200752","Rudy Gay","20700310","2007-12-11","MEM","DET",1,0,0,60,"Missed Shot",False,"Jump Shot","3PT Field Goal","Above the Break 3","Left Side Center","LC","24+ ft.","16.1","25.35","25",1,3,0
2008,"2007-08","1610612737","Atlanta Hawks","200749","Shelden Williams","20700307","2007-12-11","ATL","TOR",1,1,30,91,"Missed Shot",False,"Jump Shot","2PT Field Goal","Mid-Range","Center","C","16-24 ft.","0.2","24.45","19",0,2,0
2008,"2007-08","1610612764","Washington Wizards","101154","Andray Blatche","20700306","2007-12-11","WAS","MIN",2,11,41,112,"Missed Shot",False,"Jump Shot","2PT Field Goal","Mid-Range","Left Side","L","16-24 ft.","17.7","4.95","17",0,2,0
2008,"2007-08","1610612757","Portland Trail Blazers","200771","Sergio Rodriguez","20700312","2007-12-11","UTA","POR",1,0,58,118,"Missed Shot",False,"Jump Shot","2PT Field Goal","Mid-Range","Left Side Center","LC","16-24 ft.","11","22.15","20",0,2,0
2008,"2007-08","1610612754","Indiana Pacers","2224","Jamaal Tinsley","20700308","2007-12-11","CLE","IND",1,1,20,81,"Missed Shot",False,"Layup Shot","2PT Field Goal","Restricted Area","Center","C","Less Than 8 ft.","0.3","6.25","1",0,2,0
2008,"2007-08","1610612765","Detroit Pistons","1497","Chauncey Billups","20700310","2007-12-11","MEM","DET",1,0,23,83,"Made Shot",True,"Jump Shot","3PT Field Goal","Above the Break 3","Right Side Center","RC","24+ ft.","-13.6","25.15","24",1,3,0
2008,"2007-08","1610612761","Toronto Raptors","2743","Kris Humphries","20700307","2007-12-11","ATL","TOR",1,1,41,102,"Missed Shot",False,"Jump Shot","2PT Field Goal","Mid-Range","Center","C","8-16 ft.","6.1","19.35","15",0,2,0
2008,"2007-08","1610612763","Memphis Grizzlies","200752","Rudy Gay","20700310","2007-12-11","MEM","DET",1,0,35,95,"Missed Shot",False,"Driving Jump shot","2PT Field Goal","In The Paint (Non-RA)","Center","C","Less Than 8 ft.","-3.6","8.05","4",0,2,0
2008,"2007-08","1610612739","Cleveland Cavaliers","1716","Larry Hughes","20700308","2007-12-11","CLE","IND",1,1,26,87,"Missed Shot",False,"Jump Shot","3PT Field Goal","Above the Break 3","Left Side Center","LC","24+ ft.","15.1","25.65","25",1,3,0
2008,"2007-08","1610612737","Atlanta Hawks","101107","Marvin Williams","20700307","2007-12-11","ATL","TOR",1,2,1,63,"Made Shot",True,"Jump Shot","2PT Field Goal","Mid-Range","Left Side","L","16-24 ft.","14.5","13.45","16",0,2,0
2008,"2007-08","1610612760","Seattle SuperSonics","2557","Luke Ridnour","20700311","2007-12-11","CHI","SEA",1,0,5,65,"Made Shot",True,"Driving Layup Shot","2PT Field Goal","Restricted Area","Center","C","Less Than 8 ft.","0","5.25","0",0,2,0
2008,"2007-08","1610612744","Golden State Warriors","2440","Matt Barnes","20700313","2007-12-11","GSW","SAS",1,0,0,60,"Missed Shot",False,"Jump Shot","3PT Field Goal","Above the Break 3","Right Side Center","RC","24+ ft.","-14.8","32.75","31",1,3,0
2008,"2007-08","1610612754","Indiana Pacers","2224","Jamaal Tinsley","20700308","2007-12-11","CLE","IND",1,1,32,93,"Missed Shot",False,"Jump Shot","2PT Field Goal","In The Paint (Non-RA)","Center","C","Less Than 8 ft.","2.8","9.25","4",0,2,0
2008,"2007-08","1610612741","Chicago Bulls","2732","Ben Gordon","20700311","2007-12-11","CHI","SEA",1,0,29,89,"Made Shot",True,"Layup Shot","2PT Field Goal","Restricted Area","Center","C","Less Than 8 ft.","0","5.25","0",0,2,0
2008,"2007-08","1610612764","Washington Wizards","1712","Antawn Jamison","20700306","2007-12-11","WAS","MIN",1,0,0,60,"Missed Shot",False,"Layup Shot","2PT Field Goal","Restricted Area","Center","C","Less Than 8 ft.","0","5.25","0",0,2,0
2008,"2007-08","1610612759","San Antonio Spurs","2225","Tony Parker","20700313","2007-12-11","GSW","SAS",1,0,5,65,"Missed Shot",False,"Jump Shot","2PT Field Goal","Mid-Range","Right Side Center","RC","16-24 ft.","-9.4","21.85","19",0,2,0
2008,"2007-08","1610612746","Los Angeles Clippers","1739","Ruben Patterson","20700309","2007-12-11","NJN","LAC",1,0,0,60,"Missed Shot",False,"Jump Shot","3PT Field Goal","Above the Break 3","Back Court","BC","Back Court Shot","-7.2","46.05","41",1,3,0
2008,"2007-08","1610612765","Detroit Pistons","2419","Tayshaun Prince","20700310","2007-12-11","MEM","DET",1,0,50,110,"Made Shot",True,"Layup Shot","2PT Field Goal","Restricted Area","Center","C","Less Than 8 ft.","0","5.25","0",0,2,0
2008,"2007-08","1610612739","Cleveland Cavaliers","1800","Damon Jones","20700308","2007-12-11","CLE","IND",1,1,43,104,"Made Shot",True,"Jump Shot","3PT Field Goal","Above the Break 3","Right Side Center","RC","24+ ft.","-13.8","25.85","24",1,3,0
2008,"2007-08","1610612760","Seattle SuperSonics","101153","Mickael Gelabale","20700311","2007-12-11","CHI","SEA",1,0,33,93,"Missed Shot",False,"Jump Shot","2PT Field Goal","Mid-Range","Left Side","L","16-24 ft.","15.4","11.35","16",0,2,0
2008,"2007-08","1610612744","Golden State Warriors","2440","Matt Barnes","20700313","2007-12-11","GSW","SAS",1,0,29,89,"Made Shot",True,"Jump Shot","3PT Field Goal","Right Corner 3","Right Side","R","24+ ft.","-22.2","8.05","22",1,3,0
2008,"2007-08","1610612764","Washington Wizards","2052","DeShawn Stevenson","20700306","2007-12-11","WAS","MIN",1,0,1,61,"Missed Shot",False,"Jump Shot","2PT Field Goal","In The Paint (Non-RA)","Center","C","Less Than 8 ft.","-5.1","8.35","5",0,2,0
2008,"2007-08","1610612759","San Antonio Spurs","2225","Tony Parker","20700313","2007-12-11","GSW","SAS",1,0,47,107,"Made Shot",True,"Jump Hook Shot","2PT Field Goal","In The Paint (Non-RA)","Center","C","Less Than 8 ft.","3.9","7.85","4",0,2,0
2008,"2007-08","1610612741","Chicago Bulls","2732","Ben Gordon","20700311","2007-12-11","CHI","SEA",1,0,38,98,"Made Shot",True,"Driving Layup Shot","2PT Field Goal","Restricted Area","Center","C","Less Than 8 ft.","0","5.25","0",0,2,0
2008,"2007-08","1610612751","New Jersey Nets","2411","Bostjan Nachbar","20700309","2007-12-11","NJN","LAC",1,0,2,62,"Missed Shot",False,"Layup Shot","2PT Field Goal","Restricted Area","Center","C","Less Than 8 ft.","0","5.25","0",0,2,0
2008,"2007-08","1610612762","Utah Jazz","2430","Carlos Boozer","20700312","2007-12-11","UTA","POR",1,1,30,91,"Missed Shot",False,"Jump Shot","2PT Field Goal","In The Paint (Non-RA)","Left Side","L","8-16 ft.","4.6","11.85","8",0,2,0
2008,"2007-08","1610612750","Minnesota Timberwolves","200783","Craig Smith","20700306","2007-12-11","WAS","MIN",1,0,26,86,"Made Shot",True,"Putback Layup Shot","2PT Field Goal","Restricted Area","Center","C","Less Than 8 ft.","0","5.25","0",0,2,0
2008,"2007-08","1610612754","Indiana Pacers","2416","Kareem Rush","20700308","2007-12-11","CLE","IND",1,2,16,78,"Missed Shot",False,"Jump Shot","3PT Field Goal","Right Corner 3","Right Side","R","24+ ft.","-23.5","11.55","24",1,3,0
2008,"2007-08","1610612744","Golden State Warriors","2440","Matt Barnes","20700313","2007-12-11","GSW","SAS",1,1,3,64,"Made Shot",True,"Floating Jump shot","2PT Field Goal","In The Paint (Non-RA)","Center","C","8-16 ft.","-0.3","13.45","8",0,2,0
2008,"2007-08","1610612759","San Antonio Spurs","2588","Matt Bonner","20700313","2007-12-11","GSW","SAS",1,1,21,82,"Made Shot",True,"Jump Shot","3PT Field Goal","Above the Break 3","Center","C","24+ ft.","-0.8","30.95","25",1,3,0
2008,"2007-08","1610612757","Portland Trail Blazers","2566","Travis Outlaw","20700312","2007-12-11","UTA","POR",1,1,48,109,"Made Shot",True,"Jump Shot","2PT Field Goal","Mid-Range","Right Side","R","16-24 ft.","-21.2","7.75","21",0,2,0
2008,"2007-08","1610612760","Seattle SuperSonics","101153","Mickael Gelabale","20700311","2007-12-11","CHI","SEA",1,1,2,63,"Missed Shot",False,"Layup Shot","2PT Field Goal","Restricted Area","Center","C","Less Than 8 ft.","0","5.25","0",0,2,0
2008,"2007-08","1610612751","New Jersey Nets","353","Darrell Armstrong","20700309","2007-12-11","NJN","LAC",1,0,4,64,"Missed Shot",False,"Jump Shot","3PT Field Goal","Right Corner 3","Right Side","R","24+ ft.","-22.8","4.45","22",1,3,0
2008,"2007-08","1610612750","Minnesota Timberwolves","952","Antoine Walker","20700306","2007-12-11","WAS","MIN",1,0,28,88,"Missed Shot",False,"Jump Shot","3PT Field Goal","Above the Break 3","Left Side Center","LC","24+ ft.","22","18.05","25",1,3,0
2008,"2007-08","1610612763","Memphis Grizzlies","200752","Rudy Gay","20700310","2007-12-11","MEM","DET",1,1,8,69,"Missed Shot",False,"Jump Shot","2PT Field Goal","In The Paint (Non-RA)","Center","C","8-16 ft.","-6.1","18.55","14",0,2,0
2008,"2007-08","1610612762","Utah Jazz","200758","Ronnie Brewer","20700312","2007-12-11","UTA","POR",1,1,58,119,"Missed Shot",False,"Jump Shot","2PT Field Goal","Mid-Range","Left Side","L","16-24 ft.","19.5","10.85","20",0,2,0
2008,"2007-08","1610612754","Indiana Pacers","2224","Jamaal Tinsley","20700308","2007-12-11","CLE","IND",1,2,47,109,"Missed Shot",False,"Layup Shot","2PT Field Goal","Restricted Area","Center","C","Less Than 8 ft.","-2","7.45","2",0,2,0
2008,"2007-08","1610612744","Golden State Warriors","1536","Stephen Jackson","20700313","2007-12-11","GSW","SAS",1,1,34,95,"Missed Shot",False,"Jump Shot","2PT Field Goal","Mid-Range","Right Side","R","8-16 ft.","-13","5.25","13",0,2,0
2008,"2007-08","1610612751","New Jersey Nets","1713","Vince Carter","20700309","2007-12-11","NJN","LAC",1,0,29,89,"Missed Shot",False,"Jump Shot","2PT Field Goal","Mid-Range","Right Side Center","RC","16-24 ft.","-13.8","18.05","18",0,2,0
2008,"2007-08","1610612764","Washington Wizards","1498","Antonio Daniels","20700306","2007-12-11","WAS","MIN",1,0,38,98,"Missed Shot",False,"Jump Shot","3PT Field Goal","Above the Break 3","Right Side Center","RC","24+ ft.","-19.7","19.35","24",1,3,0
2008,"2007-08","1610612759","San Antonio Spurs","2588","Matt Bonner","20700313","2007-12-11","GSW","SAS",1,1,48,109,"Made Shot",True,"Jump Shot","2PT Field Goal","Mid-Range","Right Side","R","16-24 ft.","-18.1","5.25","18",0,2,0
2008,"2007-08","1610612757","Portland Trail Blazers","101127","Jarrett Jack","20700312","2007-12-11","UTA","POR",1,2,14,76,"Made Shot",True,"Jump Shot","2PT Field Goal","Mid-Range","Right Side Center","RC","16-24 ft.","-10.3","22.65","20",0,2,0
2008,"2007-08","1610612763","Memphis Grizzlies","2031","Stromile Swift","20700310","2007-12-11","MEM","DET",1,1,15,76,"Missed Shot",False,"Jump Shot","2PT Field Goal","Mid-Range","Center","C","16-24 ft.","2.1","22.85","17",0,2,0
2008,"2007-08","1610612746","Los Angeles Clippers","201154","Al Thornton","20700309","2007-12-11","NJN","LAC",1,0,47,107,"Made Shot",True,"Jump Shot","2PT Field Goal","Mid-Range","Center","C","16-24 ft.","5.7","23.85","19",0,2,0
2008,"2007-08","1610612741","Chicago Bulls","2732","Ben Gordon","20700311","2007-12-11","CHI","SEA",1,1,17,78,"Missed Shot",False,"Jump Shot","3PT Field Goal","Above the Break 3","Right Side Center","RC","24+ ft.","-13.1","26.95","25",1,3,0
2008,"2007-08","1610612765","Detroit Pistons","1497","Chauncey Billups","20700310","2007-12-11","MEM","DET",1,1,27,88,"Made Shot",True,"Jump Shot","3PT Field Goal","Above the Break 3","Left Side Center","LC","24+ ft.","15.9","25.85","26",1,3,0
2008,"2007-08","1610612761","Toronto Raptors","2568","Carlos Delfino","20700307","2007-12-11","ATL","TOR",1,2,23,85,"Missed Shot",False,"Jump Shot","3PT Field Goal","Left Corner 3","Left Side","L","24+ ft.","23","5.25","23",1,3,0
2008,"2007-08","1610612750","Minnesota Timberwolves","201147","Corey Brewer","20700306","2007-12-11","WAS","MIN",1,0,54,114,"Made Shot",True,"Jump Shot","2PT Field Goal","Mid-Range","Left Side","L","16-24 ft.","17.4","14.15","19",0,2,0
2008,"2007-08","1610612763","Memphis Grizzlies","2200","Pau Gasol","20700310","2007-12-11","MEM","DET",1,1,45,106,"Made Shot",True,"Driving Dunk Shot","2PT Field Goal","Restricted Area","Center","C","Less Than 8 ft.","0","5.25","0",0,2,0
2008,"2007-08","1610612744","Golden State Warriors","101235","Kelenna Azubuike","20700313","2007-12-11","GSW","SAS",1,2,8,70,"Made Shot",True,"Tip Shot","2PT Field Goal","Restricted Area","Center","C","Less Than 8 ft.","0","5.25","0",0,2,0
2008,"2007-08","1610612751","New Jersey Nets","2210","Richard Jefferson","20700309","2007-12-11","NJN","LAC",1,1,2,63,"Missed Shot",False,"Driving Layup Shot","2PT Field Goal","Restricted Area","Center","C","Less Than 8 ft.","0","5.25","0",0,2,0
2008,"2007-08","1610612744","Golden State Warriors","101235","Kelenna Azubuike","20700313","2007-12-11","GSW","SAS",1,2,10,72,"Missed Shot",False,"Layup Shot","2PT Field Goal","Restricted Area","Center","C","Less Than 8 ft.","1.8","7.45","2",0,2,0
2008,"2007-08","1610612739","Cleveland Cavaliers","1716","Larry Hughes","20700308","2007-12-11","CLE","IND",1,3,17,80,"Made Shot",True,"Jump Shot","3PT Field Goal","Above the Break 3","Left Side Center","LC","24+ ft.","12.2","27.25","25",1,3,0
2008,"2007-08","1610612737","Atlanta Hawks","201143","Al Horford","20700307","2007-12-11","ATL","TOR",1,2,41,103,"Made Shot",True,"Jump Hook Shot","2PT Field Goal","Restricted Area","Center","C","Less Than 8 ft.","0","5.25","0",0,2,0
2008,"2007-08","1610612754","Indiana Pacers","2224","Jamaal Tinsley","20700308","2007-12-11","CLE","IND",1,3,32,95,"Missed Shot",False,"Jump Shot","2PT Field Goal","In The Paint (Non-RA)","Center","C","Less Than 8 ft.","2.6","11.05","6",0,2,0
2008,"2007-08","1610612744","Golden State Warriors","2440","Matt Barnes","20700313","2007-12-11","GSW","SAS",1,2,12,74,"Missed Shot",False,"Layup Shot","2PT Field Goal","Restricted Area","Center","C","Less Than 8 ft.","-2.4","6.05","2",0,2,0
2008,"2007-08","1610612737","Atlanta Hawks","2735","Josh Childress","20700307","2007-12-11","ATL","TOR",1,3,16,79,"Made Shot",True,"Reverse Layup Shot","2PT Field Goal","Restricted Area","Center","C","Less Than 8 ft.","0","5.25","0",0,2,0
2008,"2007-08","1610612761","Toronto Raptors","200081","Jamario Moon","20700307","2007-12-11","ATL","TOR",1,3,32,95,"Made Shot",True,"Dunk Shot","2PT Field Goal","Restricted Area","Center","C","Less Than 8 ft.","0","5.25","0",0,2,0
2008,"2007-08","1610612759","San Antonio Spurs","2588","Matt Bonner","20700313","2007-12-11","GSW","SAS",1,2,21,83,"Missed Shot",False,"Jump Shot","2PT Field Goal","In The Paint (Non-RA)","Left Side","L","8-16 ft.","5.9","13.95","10",0,2,0
2008,"2007-08","1610612765","Detroit Pistons","101131","Jason Maxiell","20700310","2007-12-11","MEM","DET",1,2,5,67,"Made Shot",True,"Slam Dunk Shot","2PT Field Goal","Restricted Area","Center","C","Less Than 8 ft.","0","5.25","0",0,2,0
2008,"2007-08","1610612739","Cleveland Cavaliers","2400","Drew Gooden","20700308","2007-12-11","CLE","IND",1,3,44,107,"Missed Shot",False,"Jump Shot","2PT Field Goal","Mid-Range","Right Side","R","8-16 ft.","-13.6","8.75","14",0,2,0
2008,"2007-08","1610612737","Atlanta Hawks","101107","Marvin Williams","20700307","2007-12-11","ATL","TOR",1,3,55,118,"Made Shot",True,"Jump Shot","2PT Field Goal","Mid-Range","Center","C","16-24 ft.","2.1","23.65","18",0,2,0
2008,"2007-08","1610612764","Washington Wizards","2406","Caron Butler","20700306","2007-12-11","WAS","MIN",1,1,36,97,"Made Shot",True,"Jump Shot","2PT Field Goal","Mid-Range","Right Side","R","16-24 ft.","-16.6","12.05","17",0,2,0
2008,"2007-08","1610612757","Portland Trail Blazers","2566","Travis Outlaw","20700312","2007-12-11","UTA","POR",1,2,34,96,"Missed Shot",False,"Jump Shot","2PT Field Goal","Mid-Range","Right Side Center","RC","16-24 ft.","-6.2","23.35","19",0,2,0
2008,"2007-08","1610612762","Utah Jazz","2078","Jason Hart","20700312","2007-12-11","UTA","POR",1,2,52,114,"Made Shot",True,"Jump Shot","2PT Field Goal","Mid-Range","Left Side Center","LC","16-24 ft.","16.9","19.75","22",0,2,0
2008,"2007-08","1610612763","Memphis Grizzlies","2545","Darko Milicic","20700310","2007-12-11","MEM","DET",1,2,15,77,"Missed Shot",False,"Turnaround Jump Shot","2PT Field Goal","In The Paint (Non-RA)","Center","C","Less Than 8 ft.","4.9","7.25","5",0,2,0
2008,"2007-08","1610612751","New Jersey Nets","1713","Vince Carter","20700309","2007-12-11","NJN","LAC",1,1,35,96,"Made Shot",True,"Jump Shot","3PT Field Goal","Above the Break 3","Center","C","24+ ft.","5.1","30.05","25",1,3,0
2008,"2007-08","1610612760","Seattle SuperSonics","2555","Nick Collison","20700311","2007-12-11","CHI","SEA",1,1,44,105,"Missed Shot",False,"Layup Shot","2PT Field Goal","Restricted Area","Center","C","Less Than 8 ft.","0","5.25","0",0,2,0
2008,"2007-08","1610612750","Minnesota Timberwolves","2742","Sebastian Telfair","20700306","2007-12-11","WAS","MIN",1,1,57,118,"Made Shot",True,"Driving Layup Shot","2PT Field Goal","Restricted Area","Center","C","Less Than 8 ft.","1.3","4.95","1",0,2,0
2008,"2007-08","1610612746","Los Angeles Clippers","2549","Chris Kaman","20700309","2007-12-11","NJN","LAC",1,1,49,110,"Made Shot",True,"Hook Shot","2PT Field Goal","In The Paint (Non-RA)","Center","C","Less Than 8 ft.","-7.1","5.75","7",0,2,0
2008,"2007-08","1610612744","Golden State Warriors","2740","Andris Biedrins","20700313","2007-12-11","GSW","SAS",1,2,36,98,"Missed Shot",False,"Tip Shot","2PT Field Goal","Restricted Area","Center","C","Less Than 8 ft.","0","5.25","0",0,2,0
2008,"2007-08","1610612764","Washington Wizards","1712","Antawn Jamison","20700306","2007-12-11","WAS","MIN",1,2,10,72,"Made Shot",True,"Jump Shot","2PT Field Goal","Mid-Range","Right Side","R","16-24 ft.","-18.9","2.35","19",0,2,0
2008,"2007-08","1610612761","Toronto Raptors","2547","Chris Bosh","20700307","2007-12-11","ATL","TOR",1,4,7,71,"Missed Shot",False,"Jump Shot","2PT Field Goal","Mid-Range","Left Side Center","LC","16-24 ft.","12.8","18.95","18",0,2,0
2008,"2007-08","1610612754","Indiana Pacers","101122","Danny Granger","20700308","2007-12-11","CLE","IND",1,4,8,72,"Missed Shot",False,"Jump Shot","3PT Field Goal","Above the Break 3","Left Side Center","LC","24+ ft.","22.8","15.75","25",1,3,0
2008,"2007-08","1610612744","Golden State Warriors","2740","Andris Biedrins","20700313","2007-12-11","GSW","SAS",1,2,37,99,"Missed Shot",False,"Layup Shot","2PT Field Goal","Restricted Area","Center","C","Less Than 8 ft.","2.5","6.75","2",0,2,0
2008,"2007-08","1610612765","Detroit Pistons","739","Rasheed Wallace","20700310","2007-12-11","MEM","DET",1,2,40,102,"Missed Shot",False,"Jump Shot","3PT Field Goal","Above the Break 3","Left Side Center","LC","24+ ft.","10.2","26.75","23",1,3,0
2008,"2007-08","1610612751","New Jersey Nets","2210","Richard Jefferson","20700309","2007-12-11","NJN","LAC",1,2,8,70,"Made Shot",True,"Driving Layup Shot","2PT Field Goal","Restricted Area","Center","C","Less Than 8 ft.","0","5.25","0",0,2,0
2008,"2007-08","1610612763","Memphis Grizzlies","2200","Pau Gasol","20700310","2007-12-11","MEM","DET",1,2,56,118,"Made Shot",True,"Turnaround Jump Shot","2PT Field Goal","In The Paint (Non-RA)","Center","C","Less Than 8 ft.","4.8","6.75","5",0,2,0
2008,"2007-08","1610612760","Seattle SuperSonics","1887","Wally Szczerbiak","20700311","2007-12-11","CHI","SEA",1,1,54,115,"Missed Shot",False,"Jump Shot","2PT Field Goal","Mid-Range","Left Side","L","16-24 ft.","18.2","9.75","18",0,2,0
2008,"2007-08","1610612744","Golden State Warriors","1884","Baron Davis","20700313","2007-12-11","GSW","SAS",1,2,48,110,"Missed Shot",False,"Jump Shot","3PT Field Goal","Above the Break 3","Left Side Center","LC","24+ ft.","20.9","18.75","24",1,3,0
2008,"2007-08","1610612765","Detroit Pistons","1888","Richard Hamilton","20700310","2007-12-11","MEM","DET",1,3,10,73,"Made Shot",True,"Finger Roll Layup Shot","2PT Field Goal","Restricted Area","Center","C","Less Than 8 ft.","0","5.25","0",0,2,0
2008,"2007-08","1610612760","Seattle SuperSonics","201145","Jeff Green","20700311","2007-12-11","CHI","SEA",1,1,58,119,"Missed Shot",False,"Jump Shot","2PT Field Goal","Mid-Range","Right Side","R","8-16 ft.","-11.7","13.95","14",0,2,0
2008,"2007-08","1610612750","Minnesota Timberwolves","200783","Craig Smith","20700306","2007-12-11","WAS","MIN",1,2,24,86,"Made Shot",True,"Putback Layup Shot","2PT Field Goal","Restricted Area","Center","C","Less Than 8 ft.","0","5.25","0",0,2,0
2008,"2007-08","1610612765","Detroit Pistons","1497","Chauncey Billups","20700310","2007-12-11","MEM","DET",1,3,22,85,"Made Shot",True,"Driving Finger Roll Layup Shot","2PT Field Goal","Restricted Area","Center","C","Less Than 8 ft.","0","5.25","0",0,2,0
2008,"2007-08","1610612762","Utah Jazz","2430","Carlos Boozer","20700312","2007-12-11","UTA","POR",1,3,31,94,"Made Shot",True,"Layup Shot","2PT Field Goal","Restricted Area","Center","C","Less Than 8 ft.","0","5.25","0",0,2,0
2008,"2007-08","1610612744","Golden State Warriors","1884","Baron Davis","20700313","2007-12-11","GSW","SAS",1,3,10,73,"Made Shot",True,"Driving Finger Roll Layup Shot","2PT Field Goal","In The Paint (Non-RA)","Center","C","Less Than 8 ft.","3.4","8.25","4",0,2,0
2008,"2007-08","1610612741","Chicago Bulls","2736","Luol Deng","20700311","2007-12-11","CHI","SEA",1,2,15,77,"Made Shot",True,"Layup Shot","2PT Field Goal","Restricted Area","Center","C","Less Than 8 ft.","0","5.25","0",0,2,0
2008,"2007-08","1610612760","Seattle SuperSonics","2557","Luke Ridnour","20700311","2007-12-11","CHI","SEA",1,2,30,92,"Made Shot",True,"Jump Shot","2PT Field Goal","Mid-Range","Left Side","L","16-24 ft.","19.1","8.85","19",0,2,0
2008,"2007-08","1610612750","Minnesota Timberwolves","952","Antoine Walker","20700306","2007-12-11","WAS","MIN",1,2,24,86,"Missed Shot",False,"Jump Shot","2PT Field Goal","In The Paint (Non-RA)","Center","C","Less Than 8 ft.","3.1","10.55","6",0,2,0
2008,"2007-08","1610612763","Memphis Grizzlies","2545","Darko Milicic","20700310","2007-12-11","MEM","DET",1,3,31,94,"Missed Shot",False,"Turnaround Jump Shot","2PT Field Goal","In The Paint (Non-RA)","Center","C","Less Than 8 ft.","4.3","9.35","5",0,2,0
2008,"2007-08","1610612741","Chicago Bulls","2732","Ben Gordon","20700311","2007-12-11","CHI","SEA",1,2,47,109,"Made Shot",True,"Jump Shot","3PT Field Goal","Above the Break 3","Left Side Center","LC","24+ ft.","8.7","29.75","25",1,3,0
2008,"2007-08","1610612762","Utah Jazz","2430","Carlos Boozer","20700312","2007-12-11","UTA","POR",1,3,45,108,"Missed Shot",False,"Jump Shot","2PT Field Goal","Mid-Range","Left Side","L","8-16 ft.","8.9","11.85","11",0,2,0
2008,"2007-08","1610612739","Cleveland Cavaliers","1716","Larry Hughes","20700308","2007-12-11","CLE","IND",1,4,23,87,"Made Shot",True,"Jump Shot","2PT Field Goal","Mid-Range","Right Side Center","RC","16-24 ft.","-10.7","24.65","22",0,2,0
2008,"2007-08","1610612737","Atlanta Hawks","2207","Joe Johnson","20700307","2007-12-11","ATL","TOR",1,4,21,85,"Missed Shot",False,"Layup Shot","2PT Field Goal","Restricted Area","Center","C","Less Than 8 ft.","0","5.25","0",0,2,0
2008,"2007-08","1610612761","Toronto Raptors","2551","T.J. Ford","20700307","2007-12-11","ATL","TOR",1,4,39,103,"Made Shot",True,"Jump Shot","2PT Field Goal","Mid-Range","Right Side Center","RC","16-24 ft.","-8.2","23.55","20",0,2,0
2008,"2007-08","1610612754","Indiana Pacers","2399","Mike Dunleavy","20700308","2007-12-11","CLE","IND",1,5,0,65,"Missed Shot",False,"Jump Shot","2PT Field Goal","Mid-Range","Right Side Center","RC","16-24 ft.","-9","23.75","20",0,2,0
2008,"2007-08","1610612746","Los Angeles Clippers","2624","Quinton Ross","20700309","2007-12-11","NJN","LAC",1,2,42,104,"Made Shot",True,"Jump Shot","2PT Field Goal","Mid-Range","Right Side","R","8-16 ft.","-13.8","6.95","13",0,2,0
2008,"2007-08","1610612754","Indiana Pacers","2399","Mike Dunleavy","20700308","2007-12-11","CLE","IND",1,4,39,103,"Made Shot",True,"Layup Shot","2PT Field Goal","Restricted Area","Center","C","Less Than 8 ft.","-1.5","6.45","1",0,2,0
2008,"2007-08","1610612765","Detroit Pistons","739","Rasheed Wallace","20700310","2007-12-11","MEM","DET",1,3,55,118,"Missed Shot",False,"Turnaround Jump Shot","2PT Field Goal","In The Paint (Non-RA)","Center","C","Less Than 8 ft.","-3.3","9.85","5",0,2,0
2008,"2007-08","1610612750","Minnesota Timberwolves","952","Antoine Walker","20700306","2007-12-11","WAS","MIN",1,2,51,113,"Missed Shot",False,"Jump Shot","3PT Field Goal","Above the Break 3","Left Side Center","LC","24+ ft.","16.6","24.45","25",1,3,0
2008,"2007-08","1610612763","Memphis Grizzlies","2545","Darko Milicic","20700310","2007-12-11","MEM","DET",1,4,10,74,"Made Shot",True,"Turnaround Jump Shot","2PT Field Goal","In The Paint (Non-RA)","Center","C","Less Than 8 ft.","-1","10.35","5",0,2,0
2008,"2007-08","1610612744","Golden State Warriors","2740","Andris Biedrins","20700313","2007-12-11","GSW","SAS",1,4,0,64,"Made Shot",True,"Layup Shot","2PT Field Goal","Restricted Area","Center","C","Less Than 8 ft.","-1","7.05","2",0,2,0
2008,"2007-08","1610612739","Cleveland Cavaliers","1716","Larry Hughes","20700308","2007-12-11","CLE","IND",1,4,51,115,"Made Shot",True,"Driving Layup Shot","2PT Field Goal","Restricted Area","Center","C","Less Than 8 ft.","-0.3","5.15","0",0,2,0
2008,"2007-08","1610612737","Atlanta Hawks","201151","Acie Law","20700307","2007-12-11","ATL","TOR",1,4,46,110,"Missed Shot",False,"Jump Shot","2PT Field Goal","In The Paint (Non-RA)","Center","C","8-16 ft.","-1.6","18.25","13",0,2,0
2008,"2007-08","1610612746","Los Angeles Clippers","1739","Ruben Patterson","20700309","2007-12-11","NJN","LAC",1,2,45,107,"Missed Shot",False,"Layup Shot","2PT Field Goal","Restricted Area","Center","C","Less Than 8 ft.","0","5.25","0",0,2,0
2008,"2007-08","1610612764","Washington Wizards","2052","DeShawn Stevenson","20700306","2007-12-11","WAS","MIN",1,3,9,72,"Missed Shot",False,"Jump Shot","3PT Field Goal","Above the Break 3","Right Side Center","RC","24+ ft.","-22.3","15.95","24",1,3,0
2008,"2007-08","1610612761","Toronto Raptors","2551","T.J. Ford","20700307","2007-12-11","ATL","TOR",1,5,4,69,"Made Shot",True,"Jump Shot","2PT Field Goal","Mid-Range","Right Side","R","16-24 ft.","-17.9","4.35","17",0,2,0
2008,"2007-08","1610612744","Golden State Warriors","1884","Baron Davis","20700313","2007-12-11","GSW","SAS",1,4,3,67,"Missed Shot",False,"Jump Shot","2PT Field Goal","In The Paint (Non-RA)","Center","C","Less Than 8 ft.","0.5","10.35","5",0,2,0
2008,"2007-08","1610612751","New Jersey Nets","2124","Malik Allen","20700309","2007-12-11","NJN","LAC",1,3,12,75,"Made Shot",True,"Jump Shot","2PT Field Goal","Mid-Range","Left Side Center","LC","16-24 ft.","13.1","21.25","20",0,2,0
2008,"2007-08","1610612750","Minnesota Timberwolves","2742","Sebastian Telfair","20700306","2007-12-11","WAS","MIN",1,3,25,88,"Made Shot",True,"Driving Layup Shot","2PT Field Goal","Restricted Area","Center","C","Less Than 8 ft.","0.2","4.35","0",0,2,0
2008,"2007-08","1610612737","Atlanta Hawks","2207","Joe Johnson","20700307","2007-12-11","ATL","TOR",1,5,30,95,"Made Shot",True,"Jump Shot","3PT Field Goal","Above the Break 3","Left Side Center","LC","24+ ft.","16.9","23.85","25",1,3,0
2008,"2007-08","1610612762","Utah Jazz","200758","Ronnie Brewer","20700312","2007-12-11","UTA","POR",1,4,23,87,"Made Shot",True,"Layup Shot","2PT Field Goal","Restricted Area","Center","C","Less Than 8 ft.","0","5.25","0",0,2,0
2008,"2007-08","1610612760","Seattle SuperSonics","2404","Chris Wilcox","20700311","2007-12-11","CHI","SEA",1,3,13,76,"Made Shot",True,"Driving Slam Dunk Shot","2PT Field Goal","Restricted Area","Center","C","Less Than 8 ft.","0","5.25","0",0,2,0
2008,"2007-08","1610612746","Los Angeles Clippers","1739","Ruben Patterson","20700309","2007-12-11","NJN","LAC",1,3,25,88,"Missed Shot",False,"Layup Shot","2PT Field Goal","Restricted Area","Center","C","Less Than 8 ft.","0","5.25","0",0,2,0
2008,"2007-08","1610612757","Portland Trail Blazers","2566","Travis Outlaw","20700312","2007-12-11","UTA","POR",1,4,38,102,"Made Shot",True,"Jump Shot","2PT Field Goal","Mid-Range","Right Side","R","8-16 ft.","-11.5","5.25","11",0,2,0
2008,"2007-08","1610612763","Memphis Grizzlies","2545","Darko Milicic","20700310","2007-12-11","MEM","DET",1,4,46,110,"Made Shot",True,"Turnaround Jump Shot","2PT Field Goal","In The Paint (Non-RA)","Center","C","Less Than 8 ft.","4.8","6.75","5",0,2,0
2008,"2007-08","1610612744","Golden State Warriors","1536","Stephen Jackson","20700313","2007-12-11","GSW","SAS",1,4,15,79,"Missed Shot",False,"Jump Shot","2PT Field Goal","In The Paint (Non-RA)","Center","C","Less Than 8 ft.","-4.6","8.25","5",0,2,0
2008,"2007-08","1610612759","San Antonio Spurs","1938","Manu Ginobili","20700313","2007-12-11","GSW","SAS",1,4,27,91,"Made Shot",True,"Jump Shot","2PT Field Goal","Mid-Range","Center","C","16-24 ft.","-3.4","23.05","18",0,2,0
2008,"2007-08","1610612739","Cleveland Cavaliers","1716","Larry Hughes","20700308","2007-12-11","CLE","IND",1,5,13,78,"Made Shot",True,"Jump Shot","3PT Field Goal","Right Corner 3","Right Side","R","24+ ft.","-22.5","10.55","23",1,3,0
2008,"2007-08","1610612741","Chicago Bulls","693","Joe Smith","20700311","2007-12-11","CHI","SEA",1,3,26,89,"Missed Shot",False,"Jump Shot","2PT Field Goal","Mid-Range","Left Side Center","LC","16-24 ft.","10.3","23.95","21",0,2,0
2008,"2007-08","1610612751","New Jersey Nets","467","Jason Kidd","20700309","2007-12-11","NJN","LAC",1,3,34,97,"Missed Shot",False,"Jump Shot","2PT Field Goal","Mid-Range","Left Side Center","LC","16-24 ft.","9.5","25.45","22",0,2,0
2008,"2007-08","1610612760","Seattle SuperSonics","703","Kurt Thomas","20700311","2007-12-11","CHI","SEA",1,3,42,105,"Made Shot",True,"Jump Shot","2PT Field Goal","Mid-Range","Left Side Center","LC","16-24 ft.","13.1","21.35","20",0,2,0
2008,"2007-08","1610612750","Minnesota Timberwolves","200783","Craig Smith","20700306","2007-12-11","WAS","MIN",1,4,3,67,"Made Shot",True,"Dunk Shot","2PT Field Goal","Restricted Area","Center","C","Less Than 8 ft.","-0.3","6.25","1",0,2,0
2008,"2007-08","1610612763","Memphis Grizzlies","757","Damon Stoudamire","20700310","2007-12-11","MEM","DET",1,4,55,119,"Missed Shot",False,"Jump Shot","3PT Field Goal","Above the Break 3","Left Side Center","LC","24+ ft.","22.2","15.75","24",1,3,0
2008,"2007-08","1610612764","Washington Wizards","2052","DeShawn Stevenson","20700306","2007-12-11","WAS","MIN",1,4,20,84,"Made Shot",True,"Jump Shot","3PT Field Goal","Above the Break 3","Right Side Center","RC","24+ ft.","-14.1","24.95","24",1,3,0
2008,"2007-08","1610612746","Los Angeles Clippers","1510","Brevin Knight","20700309","2007-12-11","NJN","LAC",1,3,48,111,"Missed Shot",False,"Jump Shot","2PT Field Goal","Mid-Range","Right Side","R","16-24 ft.","-19","5.75","19",0,2,0
2008,"2007-08","1610612744","Golden State Warriors","1884","Baron Davis","20700313","2007-12-11","GSW","SAS",1,4,41,105,"Made Shot",True,"Turnaround Hook Shot","2PT Field Goal","In The Paint (Non-RA)","Center","C","Less Than 8 ft.","1.5","9.85","4",0,2,0
2008,"2007-08","1610612741","Chicago Bulls","2550","Kirk Hinrich","20700311","2007-12-11","CHI","SEA",1,3,56,119,"Made Shot",True,"Jump Shot","3PT Field Goal","Above the Break 3","Right Side Center","RC","24+ ft.","-13.3","25.35","24",1,3,0
2008,"2007-08","1610612759","San Antonio Spurs","2225","Tony Parker","20700313","2007-12-11","GSW","SAS",1,4,53,117,"Made Shot",True,"Jump Shot","2PT Field Goal","Mid-Range","Left Side","L","16-24 ft.","15.6","15.45","18",0,2,0
2008,"2007-08","1610612760","Seattle SuperSonics","2404","Chris Wilcox","20700311","2007-12-11","CHI","SEA",1,4,5,69,"Made Shot",True,"Layup Shot","2PT Field Goal","Restricted Area","Center","C","Less Than 8 ft.","0","5.25","0",0,2,0
2008,"2007-08","1610612750","Minnesota Timberwolves","200783","Craig Smith","20700306","2007-12-11","WAS","MIN",1,4,46,110,"Made Shot",True,"Layup Shot","2PT Field Goal","Restricted Area","Center","C","Less Than 8 ft.","-0.5","5.25","0",0,2,0
2008,"2007-08","1610612765","Detroit Pistons","1888","Richard Hamilton","20700310","2007-12-11","MEM","DET",1,5,2,67,"Missed Shot",False,"Dunk Shot","2PT Field Goal","Restricted Area","Center","C","Less Than 8 ft.","0","5.25","0",0,2,0
2008,"2007-08","1610612751","New Jersey Nets","2124","Malik Allen","20700309","2007-12-11","NJN","LAC",1,4,10,74,"Made Shot",True,"Jump Shot","2PT Field Goal","Mid-Range","Right Side","R","8-16 ft.","-15.4","5.95","15",0,2,0
2008,"2007-08","1610612764","Washington Wizards","2406","Caron Butler","20700306","2007-12-11","WAS","MIN",1,5,1,66,"Made Shot",True,"Running Slam Dunk Shot","2PT Field Goal","Restricted Area","Center","C","Less Than 8 ft.","0.2","3.65","1",0,2,0
2008,"2007-08","1610612744","Golden State Warriors","2740","Andris Biedrins","20700313","2007-12-11","GSW","SAS",1,5,20,85,"Made Shot",True,"Slam Dunk Shot","2PT Field Goal","Restricted Area","Center","C","Less Than 8 ft.","0.2","5.45","0",0,2,0
2008,"2007-08","1610612763","Memphis Grizzlies","757","Damon Stoudamire","20700310","2007-12-11","MEM","DET",1,5,7,72,"Missed Shot",False,"Running Layup Shot","2PT Field Goal","Restricted Area","Center","C","Less Than 8 ft.","0","5.25","0",0,2,0
2008,"2007-08","1610612746","Los Angeles Clippers","1501","Tim Thomas","20700309","2007-12-11","NJN","LAC",1,4,18,82,"Missed Shot",False,"Jump Shot","3PT Field Goal","Above the Break 3","Center","C","24+ ft.","-1.1","30.75","25",1,3,0
2008,"2007-08","1610612741","Chicago Bulls","2736","Luol Deng","20700311","2007-12-11","CHI","SEA",1,4,14,78,"Missed Shot",False,"Jump Shot","2PT Field Goal","In The Paint (Non-RA)","Center","C","8-16 ft.","-2.4","13.15","8",0,2,0
2008,"2007-08","1610612764","Washington Wizards","2052","DeShawn Stevenson","20700306","2007-12-11","WAS","MIN",1,5,15,80,"Made Shot",True,"Jump Shot","3PT Field Goal","Right Corner 3","Right Side","R","24+ ft.","-23.2","5.95","23",1,3,0
2008,"2007-08","1610612760","Seattle SuperSonics","201142","Kevin Durant","20700311","2007-12-11","CHI","SEA",1,4,29,93,"Made Shot",True,"Jump Shot","2PT Field Goal","Mid-Range","Center","C","16-24 ft.","-1.1","27.95","22",0,2,0
2008,"2007-08","1610612765","Detroit Pistons","101131","Jason Maxiell","20700310","2007-12-11","MEM","DET",1,5,15,80,"Made Shot",True,"Jump Shot","2PT Field Goal","Mid-Range","Right Side","R","8-16 ft.","-13.3","5.25","13",0,2,0
2008,"2007-08","1610612739","Cleveland Cavaliers","2544","LeBron James","20700308","2007-12-11","CLE","IND",1,5,33,98,"Missed Shot",False,"Running Jump Shot","2PT Field Goal","In The Paint (Non-RA)","Right Side","R","8-16 ft.","-7.2","10.05","8",0,2,0
2008,"2007-08","1610612737","Atlanta Hawks","2746","Josh Smith","20700307","2007-12-11","ATL","TOR",1,6,1,67,"Missed Shot",False,"Jump Shot","2PT Field Goal","Mid-Range","Center","C","16-24 ft.","0.2","22.15","16",0,2,0
2008,"2007-08","1610612762","Utah Jazz","2246","Mehmet Okur","20700312","2007-12-11","UTA","POR",1,4,55,119,"Missed Shot",False,"Jump Shot","2PT Field Goal","Mid-Range","Right Side","R","16-24 ft.","-19.5","7.75","19",0,2,0
2008,"2007-08","1610612759","San Antonio Spurs","2588","Matt Bonner","20700313","2007-12-11","GSW","SAS",1,5,38,103,"Made Shot",True,"Running Jump Shot","2PT Field Goal","In The Paint (Non-RA)","Center","C","Less Than 8 ft.","-5.4","5.75","5",0,2,0
2008,"2007-08","1610612750","Minnesota Timberwolves","2742","Sebastian Telfair","20700306","2007-12-11","WAS","MIN",1,5,33,98,"Made Shot",True,"Jump Shot","2PT Field Goal","In The Paint (Non-RA)","Right Side","R","8-16 ft.","-7.4","17.95","14",0,2,0
2008,"2007-08","1610612751","New Jersey Nets","2124","Malik Allen","20700309","2007-12-11","NJN","LAC",1,4,34,98,"Missed Shot",False,"Jump Shot","2PT Field Goal","Mid-Range","Center","C","16-24 ft.","-4.1","24.35","19",0,2,0
2008,"2007-08","1610612761","Toronto Raptors","200081","Jamario Moon","20700307","2007-12-11","ATL","TOR",1,6,12,78,"Missed Shot",False,"Jump Shot","2PT Field Goal","Mid-Range","Left Side","L","8-16 ft.","11.7","9.85","12",0,2,0
2008,"2007-08","1610612757","Portland Trail Blazers","101110","Martell Webster","20700312","2007-12-11","UTA","POR",1,5,12,77,"Made Shot",True,"Jump Shot","3PT Field Goal","Above the Break 3","Left Side Center","LC","24+ ft.","12.5","26.15","24",1,3,0
2008,"2007-08","1610612760","Seattle SuperSonics","2404","Chris Wilcox","20700311","2007-12-11","CHI","SEA",1,5,2,67,"Made Shot",True,"Turnaround Jump Shot","2PT Field Goal","Mid-Range","Left Side","L","8-16 ft.","8.2","11.55","10",0,2,0
2008,"2007-08","1610612763","Memphis Grizzlies","2545","Darko Milicic","20700310","2007-12-11","MEM","DET",1,5,35,100,"Missed Shot",False,"Jump Shot","2PT Field Goal","Mid-Range","Left Side","L","8-16 ft.","9.4","7.85","9",0,2,0
2008,"2007-08","1610612754","Indiana Pacers","2224","Jamaal Tinsley","20700308","2007-12-11","CLE","IND",1,5,48,113,"Missed Shot",False,"Jump Shot","3PT Field Goal","Above the Break 3","Left Side Center","LC","24+ ft.","15.9","25.15","25",1,3,0
2008,"2007-08","1610612765","Detroit Pistons","1888","Richard Hamilton","20700310","2007-12-11","MEM","DET",1,5,48,113,"Made Shot",True,"Layup Shot","2PT Field Goal","Restricted Area","Center","C","Less Than 8 ft.","0","5.25","0",0,2,0
2008,"2007-08","1610612762","Utah Jazz","101114","Deron Williams","20700312","2007-12-11","UTA","POR",1,5,22,87,"Missed Shot",False,"Layup Shot","2PT Field Goal","Restricted Area","Center","C","Less Than 8 ft.","0","5.25","0",0,2,0
2008,"2007-08","1610612759","San Antonio Spurs","2225","Tony Parker","20700313","2007-12-11","GSW","SAS",1,6,9,75,"Made Shot",True,"Driving Layup Shot","2PT Field Goal","Restricted Area","Center","C","Less Than 8 ft.","-1.8","5.75","1",0,2,0
2008,"2007-08","1610612763","Memphis Grizzlies","757","Damon Stoudamire","20700310","2007-12-11","MEM","DET",1,6,2,68,"Made Shot",True,"Jump Shot","3PT Field Goal","Above the Break 3","Left Side Center","LC","24+ ft.","9.4","27.65","24",1,3,0
2008,"2007-08","1610612746","Los Angeles Clippers","1501","Tim Thomas","20700309","2007-12-11","NJN","LAC",1,5,16,81,"Made Shot",True,"Jump Shot","2PT Field Goal","Mid-Range","Right Side Center","RC","16-24 ft.","-7.1","23.95","20",0,2,0
2008,"2007-08","1610612764","Washington Wizards","2052","DeShawn Stevenson","20700306","2007-12-11","WAS","MIN",1,5,54,119,"Made Shot",True,"Driving Layup Shot","2PT Field Goal","Restricted Area","Center","C","Less Than 8 ft.","-2.8","5.75","2",0,2,0
2008,"2007-08","1610612761","Toronto Raptors","1725","Rasho Nesterovic","20700307","2007-12-11","ATL","TOR",1,6,37,103,"Missed Shot",False,"Layup Shot","2PT Field Goal","Restricted Area","Center","C","Less Than 8 ft.","0","5.25","0",0,2,0
2008,"2007-08","1610612751","New Jersey Nets","1713","Vince Carter","20700309","2007-12-11","NJN","LAC",1,5,40,105,"Made Shot",True,"Alley Oop Layup shot","2PT Field Goal","Restricted Area","Center","C","Less Than 8 ft.","0","5.25","0",0,2,0
2008,"2007-08","1610612746","Los Angeles Clippers","1501","Tim Thomas","20700309","2007-12-11","NJN","LAC",1,6,4,70,"Made Shot",True,"Jump Shot","3PT Field Goal","Above the Break 3","Center","C","24+ ft.","1","30.45","25",1,3,0
2008,"2007-08","1610612762","Utah Jazz","101114","Deron Williams","20700312","2007-12-11","UTA","POR",1,5,37,102,"Missed Shot",False,"Jump Shot","2PT Field Goal","In The Paint (Non-RA)","Center","C","8-16 ft.","0.2","17.95","12",0,2,0
2008,"2007-08","1610612750","Minnesota Timberwolves","201147","Corey Brewer","20700306","2007-12-11","WAS","MIN",1,6,0,66,"Missed Shot",False,"Jump Shot","2PT Field Goal","Mid-Range","Right Side Center","RC","16-24 ft.","-10","20.55","18",0,2,0
2008,"2007-08","1610612751","New Jersey Nets","2210","Richard Jefferson","20700309","2007-12-11","NJN","LAC",1,6,19,85,"Made Shot",True,"Turnaround Fadeaway shot","2PT Field Goal","Mid-Range","Left Side","L","8-16 ft.","15.3","5.25","15",0,2,0
2008,"2007-08","1610612737","Atlanta Hawks","201143","Al Horford","20700307","2007-12-11","ATL","TOR",1,6,45,111,"Missed Shot",False,"Jump Shot","2PT Field Goal","Mid-Range","Center","C","16-24 ft.","0.2","22.35","17",0,2,0
2008,"2007-08","1610612757","Portland Trail Blazers","2581","Steve Blake","20700312","2007-12-11","UTA","POR",1,5,43,108,"Missed Shot",False,"Jump Shot","2PT Field Goal","Mid-Range","Left Side","L","8-16 ft.","11.5","7.55","11",0,2,0
2008,"2007-08","1610612760","Seattle SuperSonics","703","Kurt Thomas","20700311","2007-12-11","CHI","SEA",1,5,33,98,"Missed Shot",False,"Jump Shot","2PT Field Goal","Mid-Range","Left Side","L","16-24 ft.","18.1","9.05","18",0,2,0
2008,"2007-08","1610612763","Memphis Grizzlies","200752","Rudy Gay","20700310","2007-12-11","MEM","DET",1,6,28,94,"Missed Shot",False,"Pullup Jump shot","2PT Field Goal","Mid-Range","Right Side Center","RC","16-24 ft.","-14.4","20.05","20",0,2,0
2008,"2007-08","1610612744","Golden State Warriors","101235","Kelenna Azubuike","20700313","2007-12-11","GSW","SAS",1,6,31,97,"Made Shot",True,"Alley Oop Layup shot","2PT Field Goal","Restricted Area","Center","C","Less Than 8 ft.","-0.6","5.25","0",0,2,0
2008,"2007-08","1610612761","Toronto Raptors","1515","Anthony Parker","20700307","2007-12-11","ATL","TOR",1,7,9,76,"Missed Shot",False,"Layup Shot","2PT Field Goal","Restricted Area","Center","C","Less Than 8 ft.","0","5.25","0",0,2,0
2008,"2007-08","1610612765","Detroit Pistons","101131","Jason Maxiell","20700310","2007-12-11","MEM","DET",1,6,44,110,"Made Shot",True,"Slam Dunk Shot","2PT Field Goal","Restricted Area","Center","C","Less Than 8 ft.","0","5.25","0",0,2,0
2008,"2007-08","1610612741","Chicago Bulls","1112","Ben Wallace","20700311","2007-12-11","CHI","SEA",1,5,44,109,"Missed Shot",False,"Layup Shot","2PT Field Goal","Restricted Area","Center","C","Less Than 8 ft.","0","5.25","0",0,2,0
2008,"2007-08","1610612760","Seattle SuperSonics","2863","Damien Wilkins","20700311","2007-12-11","CHI","SEA",1,5,57,122,"Made Shot",True,"Jump Shot","2PT Field Goal","Mid-Range","Left Side Center","LC","16-24 ft.","8.9","25.45","22",0,2,0
2008,"2007-08","1610612750","Minnesota Timberwolves","200783","Craig Smith","20700306","2007-12-11","WAS","MIN",1,6,41,107,"Missed Shot",False,"Jump Shot","2PT Field Goal","Mid-Range","Right Side","R","16-24 ft.","-17.7","7.05","17",0,2,0
2008,"2007-08","1610612744","Golden State Warriors","1536","Stephen Jackson","20700313","2007-12-11","GSW","SAS",1,6,50,116,"Missed Shot",False,"Jump Shot","3PT Field Goal","Above the Break 3","Left Side Center","LC","24+ ft.","15.3","26.15","25",1,3,0
2008,"2007-08","1610612737","Atlanta Hawks","2746","Josh Smith","20700307","2007-12-11","ATL","TOR",1,7,17,84,"Missed Shot",False,"Jump Shot","2PT Field Goal","Mid-Range","Center","C","8-16 ft.","-1.1","20.35","15",0,2,0
2008,"2007-08","1610612761","Toronto Raptors","2551","T.J. Ford","20700307","2007-12-11","ATL","TOR",1,7,27,94,"Made Shot",True,"Layup Shot","2PT Field Goal","Restricted Area","Center","C","Less Than 8 ft.","0","5.25","0",0,2,0
2008,"2007-08","1610612746","Los Angeles Clippers","2624","Quinton Ross","20700309","2007-12-11","NJN","LAC",1,6,53,119,"Missed Shot",False,"Jump Shot","2PT Field Goal","Mid-Range","Left Side Center","LC","16-24 ft.","11","18.05","16",0,2,0
2008,"2007-08","1610612739","Cleveland Cavaliers","2400","Drew Gooden","20700308","2007-12-11","CLE","IND",1,6,42,108,"Made Shot",True,"Dunk Shot","2PT Field Goal","Restricted Area","Center","C","Less Than 8 ft.","0.6","5.55","0",0,2,0
2008,"2007-08","1610612764","Washington Wizards","2052","DeShawn Stevenson","20700306","2007-12-11","WAS","MIN",1,7,0,67,"Missed Shot",False,"Jump Shot","3PT Field Goal","Above the Break 3","Center","C","24+ ft.","-0.5","29.55","24",1,3,0
2008,"2007-08","1610612759","San Antonio Spurs","2225","Tony Parker","20700313","2007-12-11","GSW","SAS",1,6,56,122,"Missed Shot",False,"Jump Shot","2PT Field Goal","Mid-Range","Left Side Center","LC","16-24 ft.","13.1","16.45","17",0,2,0
